project_id,district_code,intervention_id,partner,start_date,planned_end_date,actual_end_date,cost_usd,baseline_risk_score,total_delay_days,achieved_outcome_score,realized_risk_reduction,delivered_on_time,achieved_min_outcome,community_engagement_score,post_project_audit_score,post_project_satisfaction_score
P00001,D-083,I06,CivicWorks Alliance,06-04-2022,10-02-2024,18-03-2024,2111400.0,45.41,37,84.63,0.418,0,1,80.83,57.82,54.82
P00002,D-016,I08,SolarRise Initiative,25-03-2021,09-09-2022,05-11-2022,264800.0,94.92,57,80.35,0.342,0,1,33.26,50.78,76.49
P00003,D-074,I05,WaterFront Implementers,05-04-2022,07-09-2022,27-09-2022,243700.0,52.72,20,38.97,0.473,1,1,50.4,77.69,46.88
P00004,D-003,I02,Horizon Resilience Group,06-03-2022,14-11-2023,30-11-2023,455000.0,93.4,16,65.8,0.057,1,1,39.52,42.9,56.46
P00005,D-109,I12,Horizon Resilience Group,08-08-2022,06-03-2024,22-04-2024,1728100.0,45.05,47,88.48,0.08,0,1,55.44,89.36,62.71
P00006,D-080,I16,TerraBuild Collective,13-10-2022,11-04-2024,15-07-2024,783400.0,40.96,95,77.31,0.205,0,1,62.7,77.43,71.76
P00007,D-101,I05,TerraBuild Collective,27-12-2021,07-05-2023,18-10-2023,602700.0,85.97,164,57.88,0.363,0,1,73.69,38.47,73.81
P00008,D-034,I02,CivicWorks Alliance,26-07-2021,05-02-2022,28-03-2022,2237300.0,58.62,51,48.6,0.229,0,1,53.4,37.01,67.35
P00009,D-020,I12,TerraBuild Collective,06-06-2023,07-10-2024,15-12-2024,486300.0,61.71,69,83.37,0.384,0,1,48.2,88.55,59.81
P00010,D-105,I12,EcoTrust Consortium,01-10-2021,23-05-2022,08-09-2022,381500.0,75.54,108,79.34,0.295,0,1,29.8,71.35,50.32
P00011,D-097,I14,GreenPath Solutions,08-12-2022,03-08-2024,31-10-2024,1228400.0,82.88,89,84.7,0.327,0,1,63.37,78.53,37.87
P00012,D-081,I13,NovaBridge Partners,10-06-2022,19-04-2023,26-04-2023,528400.0,75.85,7,76.88,0.066,1,0,71.71,55.15,54.14
P00013,D-119,I02,SafeGround Co-op,07-06-2021,07-02-2023,12-05-2023,1055600.0,85.02,94,64.44,0.288,0,1,63.97,48.73,40.67
P00014,D-108,I06,WaterFront Implementers,15-06-2022,13-12-2023,04-05-2024,470900.0,85.72,143,72.24,0.147,0,1,66.64,89.92,45.01
P00015,D-061,I03,WaterFront Implementers,26-06-2021,21-02-2023,15-03-2023,2064200.0,97.09,22,89.19,0.351,1,1,58.0,50.97,50.0
P00016,D-013,I06,NovaBridge Partners,05-06-2022,19-06-2023,20-07-2023,2465800.0,86.73,31,44.2,0.272,0,1,59.34,60.71,84.15
P00017,D-042,I03,AquaShield Foundation,13-11-2021,24-05-2023,23-09-2023,1409100.0,85.38,122,79.4,0.083,0,1,63.54,59.75,69.01
P00018,D-106,I05,EcoTrust Consortium,18-10-2022,19-09-2023,22-10-2023,1195000.0,93.73,33,33.32,0.106,0,0,34.88,52.75,70.47
P00019,D-106,I17,CivicWorks Alliance,17-05-2023,02-01-2024,06-03-2024,651500.0,96.42,64,46.47,0.331,0,1,30.61,70.25,64.59
P00020,D-091,I05,GreenPath Solutions,06-11-2022,15-03-2024,06-08-2024,294700.0,90.96,144,34.87,0.477,0,1,40.88,46.59,63.61
P00021,D-041,I01,WaterFront Implementers,30-06-2023,18-09-2024,01-03-2025,2400300.0,68.49,164,78.28,0.358,0,0,29.38,38.3,56.98
P00022,D-073,I15,Horizon Resilience Group,15-12-2021,08-10-2022,27-12-2022,2181400.0,58.84,80,89.28,0.205,0,1,70.64,63.32,40.31
P00023,D-037,I15,AquaShield Foundation,01-10-2021,03-06-2023,05-08-2023,524000.0,42.99,63,86.72,0.439,0,1,82.76,84.63,75.67
P00024,D-005,I11,Horizon Resilience Group,21-02-2023,31-12-2023,06-05-2024,2490700.0,67.54,127,82.74,0.274,0,0,48.59,60.15,47.04
P00025,D-091,I12,TerraBuild Collective,21-02-2021,05-05-2022,08-09-2022,1574300.0,89.73,126,70.35,0.179,0,0,31.45,42.37,48.22
P00026,D-033,I13,NovaBridge Partners,16-02-2021,30-08-2022,12-09-2022,1511600.0,51.48,13,63.19,0.083,1,1,70.86,50.38,84.45
P00027,D-063,I04,GreenPath Solutions,26-09-2023,01-06-2024,09-09-2024,1058400.0,98.22,100,63.47,0.215,0,0,61.15,57.08,37.01
P00028,D-043,I05,NovaBridge Partners,04-04-2023,29-12-2024,10-05-2025,1251100.0,75.77,132,60.93,0.198,0,1,34.75,89.48,71.97
P00029,D-024,I11,EcoTrust Consortium,29-04-2023,28-02-2025,14-07-2025,1326600.0,73.21,136,58.49,0.057,0,1,31.58,57.91,50.38
P00030,D-092,I01,SafeGround Co-op,01-05-2022,26-06-2023,10-12-2023,2000700.0,85.79,167,64.66,0.375,0,1,35.23,69.6,65.99
P00031,D-014,I13,GreenPath Solutions,22-04-2023,24-05-2024,01-06-2024,1516900.0,81.33,8,41.45,0.248,1,1,49.78,46.21,60.09
P00032,D-109,I16,TerraBuild Collective,24-12-2022,11-10-2023,20-02-2024,676900.0,59.18,132,69.73,0.286,0,1,35.39,85.17,52.12
P00033,D-115,I09,SafeGround Co-op,11-05-2022,22-04-2023,24-06-2023,841700.0,57.61,63,86.49,0.492,0,1,67.29,72.96,59.45
P00034,D-073,I12,EcoTrust Consortium,15-08-2023,18-10-2024,30-12-2024,480300.0,79.92,73,52.78,0.491,0,1,82.28,79.25,49.52
P00035,D-020,I03,NovaBridge Partners,05-08-2023,29-03-2025,12-09-2025,789800.0,68.27,167,42.12,0.292,0,1,66.77,42.55,65.78
P00036,D-094,I08,Horizon Resilience Group,21-02-2021,15-01-2023,13-03-2023,1667300.0,43.1,57,54.8,0.373,0,0,71.25,35.28,62.52
P00037,D-076,I06,SolarRise Initiative,31-10-2022,29-07-2024,28-11-2024,1696200.0,84.6,122,47.23,0.178,0,0,71.12,70.88,46.61
P00038,D-108,I02,GreenPath Solutions,04-03-2022,28-01-2023,06-02-2023,2493500.0,63.42,9,59.72,0.471,1,1,80.56,83.22,35.46
P00039,D-119,I04,NovaBridge Partners,19-10-2021,26-06-2023,07-12-2023,1449600.0,69.14,164,86.31,0.433,0,1,36.57,41.2,43.12
P00040,D-034,I09,GreenPath Solutions,15-01-2021,25-05-2022,08-08-2022,1505900.0,84.68,75,40.53,0.435,0,1,74.62,63.34,39.34
P00041,D-081,I04,GreenPath Solutions,24-05-2021,21-02-2023,14-05-2023,2352400.0,40.4,82,53.01,0.251,0,0,44.78,67.04,63.64
P00042,D-110,I12,Horizon Resilience Group,05-03-2021,01-12-2021,30-03-2022,905700.0,63.92,119,60.15,0.453,0,1,43.66,41.46,80.81
P00043,D-085,I12,SafeGround Co-op,15-08-2021,24-08-2022,27-09-2022,1299800.0,66.84,34,89.33,0.218,0,1,79.77,76.65,75.1
P00044,D-012,I07,Horizon Resilience Group,28-11-2022,19-07-2023,30-11-2023,1227500.0,81.52,134,34.69,0.304,0,0,57.86,62.8,63.64
P00045,D-096,I06,NovaBridge Partners,25-05-2023,06-04-2025,28-07-2025,467400.0,52.12,113,64.99,0.091,0,1,73.52,59.94,60.66
P00046,D-034,I02,EcoTrust Consortium,19-04-2022,28-07-2023,02-08-2023,1110700.0,88.17,5,74.75,0.31,1,0,45.67,38.51,84.71
P00047,D-005,I03,WaterFront Implementers,02-02-2021,21-04-2022,03-08-2022,614000.0,47.99,104,68.49,0.378,0,1,47.47,84.02,57.43
P00048,D-018,I13,SolarRise Initiative,24-03-2021,04-01-2022,20-06-2022,2178700.0,47.0,167,89.57,0.227,0,0,83.72,80.92,72.81
P00049,D-024,I15,EcoTrust Consortium,11-03-2022,03-02-2024,10-05-2024,2093700.0,54.6,97,50.77,0.174,0,1,68.5,41.21,75.47
P00050,D-093,I01,Horizon Resilience Group,31-07-2021,06-03-2022,31-03-2022,1566100.0,66.34,25,70.32,0.442,1,0,27.65,59.14,61.99
P00051,D-026,I02,GreenPath Solutions,31-05-2022,20-08-2023,18-10-2023,2076300.0,83.16,59,49.13,0.319,0,1,44.24,51.6,42.16
P00052,D-116,I17,Horizon Resilience Group,28-02-2022,31-05-2023,09-08-2023,340200.0,95.96,70,82.78,0.46,0,1,50.63,62.26,83.61
P00053,D-009,I13,EcoTrust Consortium,23-11-2021,22-06-2023,04-10-2023,543200.0,62.21,104,75.26,0.263,0,1,43.04,73.92,75.29
P00054,D-018,I02,EcoTrust Consortium,27-02-2022,26-09-2023,15-02-2024,1419000.0,62.92,142,45.3,0.199,0,0,51.99,55.41,61.78
P00055,D-103,I07,TerraBuild Collective,02-10-2021,22-03-2023,10-09-2023,1591400.0,42.33,172,34.37,0.412,0,1,65.29,46.94,45.44
P00056,D-029,I11,CivicWorks Alliance,07-09-2023,19-02-2024,13-04-2024,2355500.0,96.76,54,37.04,0.5,0,1,39.56,68.24,45.23
P00057,D-018,I08,EcoTrust Consortium,26-11-2021,08-02-2023,16-05-2023,1272400.0,78.27,97,48.51,0.212,0,1,52.96,79.15,71.12
P00058,D-036,I11,Horizon Resilience Group,15-01-2022,30-04-2023,13-08-2023,305100.0,90.98,105,74.48,0.057,0,1,60.04,74.6,49.76
P00059,D-031,I11,Horizon Resilience Group,24-01-2022,01-03-2023,06-07-2023,1466500.0,95.66,127,50.25,0.394,0,1,68.41,75.68,58.04
P00060,D-107,I12,GreenPath Solutions,24-05-2021,05-03-2023,21-04-2023,2308900.0,71.99,47,68.51,0.076,0,0,75.8,86.99,68.41
P00061,D-036,I01,SolarRise Initiative,21-05-2021,11-06-2022,28-06-2022,1826500.0,40.54,17,60.34,0.218,1,1,65.01,68.91,59.16
P00062,D-060,I01,TerraBuild Collective,29-06-2022,21-01-2024,24-01-2024,238500.0,82.61,3,62.14,0.179,1,1,66.87,58.68,81.99
P00063,D-040,I04,AquaShield Foundation,21-06-2022,19-04-2023,19-06-2023,641400.0,71.06,61,78.91,0.17,0,1,47.38,57.33,63.25
P00064,D-074,I08,CivicWorks Alliance,02-12-2022,22-07-2023,05-01-2024,2480900.0,78.34,167,31.9,0.232,0,1,53.56,70.02,70.14
P00065,D-083,I16,SolarRise Initiative,23-10-2022,24-02-2024,17-07-2024,2447900.0,97.46,144,83.69,0.464,0,0,79.08,73.08,63.34
P00066,D-027,I02,AquaShield Foundation,02-12-2022,12-02-2024,30-06-2024,1496100.0,41.94,139,85.73,0.192,0,1,60.22,76.37,70.64
P00067,D-069,I03,CivicWorks Alliance,16-06-2021,17-07-2022,09-12-2022,2119700.0,62.96,145,83.79,0.199,0,1,33.4,89.37,71.21
P00068,D-050,I12,TerraBuild Collective,11-04-2021,29-11-2022,27-01-2023,2129000.0,60.09,59,76.14,0.48,0,1,71.41,36.63,48.67
P00069,D-064,I16,Horizon Resilience Group,31-12-2021,18-06-2023,06-10-2023,627200.0,74.57,110,52.8,0.397,0,0,39.79,39.04,48.4
P00070,D-059,I05,SolarRise Initiative,21-11-2021,24-04-2023,21-05-2023,410500.0,95.63,27,56.68,0.393,1,0,30.24,58.7,62.85
P00071,D-048,I14,AquaShield Foundation,27-01-2021,25-09-2021,24-12-2021,1474700.0,75.22,90,77.07,0.439,0,0,49.83,77.85,71.24
P00072,D-089,I08,SafeGround Co-op,18-06-2022,07-05-2023,29-10-2023,1075700.0,48.19,175,48.07,0.272,0,0,51.08,58.16,59.21
P00073,D-104,I12,CivicWorks Alliance,25-08-2023,30-09-2024,09-03-2025,1340300.0,76.38,160,57.47,0.111,0,0,48.74,81.29,53.99
P00074,D-015,I11,WaterFront Implementers,09-12-2021,22-07-2023,04-01-2024,2440700.0,48.03,166,49.24,0.476,0,0,43.85,88.05,83.44
P00075,D-085,I16,SafeGround Co-op,12-03-2023,13-04-2024,05-07-2024,1064900.0,88.17,83,53.58,0.101,0,1,60.53,65.01,69.09
P00076,D-075,I01,WaterFront Implementers,24-08-2023,22-08-2024,12-12-2024,2034700.0,89.05,112,34.15,0.432,0,1,65.38,42.65,50.14
P00077,D-071,I05,SolarRise Initiative,20-03-2023,06-09-2024,24-09-2024,1232900.0,75.28,18,64.93,0.29,1,1,77.18,58.01,36.84
P00078,D-033,I18,SafeGround Co-op,16-10-2022,10-06-2023,07-07-2023,1968600.0,78.8,27,51.3,0.341,1,0,84.02,72.26,54.98
P00079,D-026,I11,SolarRise Initiative,19-04-2021,26-09-2021,21-10-2021,795100.0,70.13,25,61.13,0.311,1,1,51.75,56.51,73.62
P00080,D-094,I17,GreenPath Solutions,20-12-2021,13-06-2022,14-10-2022,440500.0,64.54,123,87.7,0.102,0,1,33.5,52.15,57.77
P00081,D-023,I17,WaterFront Implementers,23-12-2021,21-09-2023,15-10-2023,1207800.0,81.11,24,49.13,0.185,1,1,31.91,81.7,67.4
P00082,D-051,I06,Horizon Resilience Group,13-06-2022,07-05-2023,25-09-2023,568300.0,73.03,141,87.51,0.154,0,1,36.07,70.23,56.61
P00083,D-057,I07,WaterFront Implementers,30-08-2022,10-04-2024,18-07-2024,210200.0,52.67,99,46.7,0.367,0,1,59.64,78.97,61.84
P00084,D-033,I11,Horizon Resilience Group,14-04-2022,05-01-2023,13-03-2023,1742600.0,68.88,67,87.95,0.191,0,1,48.55,41.28,52.6
P00085,D-034,I06,CivicWorks Alliance,30-07-2023,22-03-2024,10-09-2024,508100.0,46.95,172,48.32,0.132,0,1,55.65,58.0,41.89
P00086,D-080,I14,GreenPath Solutions,14-05-2022,13-04-2024,07-10-2024,2314100.0,94.91,177,40.39,0.125,0,0,36.23,81.31,65.97
P00087,D-015,I12,TerraBuild Collective,12-05-2022,25-02-2023,15-04-2023,2075000.0,96.87,49,60.33,0.273,0,1,49.94,81.19,59.43
P00088,D-083,I01,Horizon Resilience Group,27-10-2021,28-04-2022,07-07-2022,717100.0,57.03,70,76.84,0.305,0,1,54.72,63.09,63.64
P00089,D-027,I18,NovaBridge Partners,10-07-2022,18-01-2023,10-05-2023,1456600.0,98.4,112,36.14,0.424,0,1,42.86,89.96,57.49
P00090,D-106,I03,WaterFront Implementers,06-06-2023,02-03-2024,01-05-2024,682700.0,83.52,60,71.35,0.437,0,1,50.69,68.89,74.24
P00091,D-065,I07,TerraBuild Collective,07-08-2022,29-12-2023,13-05-2024,846500.0,71.79,136,49.42,0.367,0,0,41.04,82.19,84.27
P00092,D-051,I04,GreenPath Solutions,13-09-2023,06-04-2025,21-04-2025,2482700.0,91.16,15,37.61,0.44,1,0,67.68,80.57,73.07
P00093,D-051,I13,WaterFront Implementers,26-05-2021,25-07-2022,01-01-2023,1152700.0,66.67,160,68.02,0.446,0,0,55.94,50.3,81.82
P00094,D-016,I15,WaterFront Implementers,02-12-2021,03-05-2022,26-05-2022,1881100.0,67.05,23,69.85,0.211,1,0,57.07,46.98,56.48
P00095,D-066,I16,CivicWorks Alliance,27-11-2021,10-02-2023,07-05-2023,1458800.0,47.71,86,81.15,0.405,0,1,70.74,37.53,66.31
P00096,D-014,I15,TerraBuild Collective,08-05-2021,15-03-2022,05-07-2022,1250000.0,98.52,112,55.67,0.498,0,1,77.93,51.6,78.72
P00097,D-117,I09,AquaShield Foundation,02-11-2022,04-04-2024,07-06-2024,389600.0,79.21,64,68.93,0.073,0,1,68.56,76.54,56.46
P00098,D-120,I04,TerraBuild Collective,07-08-2021,07-05-2023,26-05-2023,505200.0,53.35,19,70.8,0.054,1,1,74.03,89.35,56.12
P00099,D-042,I16,AquaShield Foundation,23-08-2021,16-02-2023,10-03-2023,1880800.0,46.04,22,48.8,0.446,1,0,71.41,76.42,41.66
P00100,D-051,I05,AquaShield Foundation,28-06-2022,03-12-2022,08-05-2023,1695000.0,65.97,156,73.35,0.333,0,0,49.7,72.76,78.0
P00101,D-120,I04,GreenPath Solutions,10-02-2023,13-11-2023,11-04-2024,1879000.0,60.74,150,55.76,0.406,0,0,63.68,48.65,65.05
P00102,D-030,I10,TerraBuild Collective,19-05-2023,19-08-2024,10-10-2024,1390800.0,70.06,52,74.87,0.183,0,0,78.87,87.51,59.74
P00103,D-100,I08,WaterFront Implementers,16-10-2022,26-05-2023,08-10-2023,2244100.0,40.71,135,51.67,0.192,0,1,75.34,58.15,62.32
P00104,D-040,I16,AquaShield Foundation,18-01-2021,25-08-2021,28-08-2021,803000.0,42.35,3,33.63,0.405,1,1,62.71,62.56,55.77
P00105,D-074,I13,AquaShield Foundation,18-10-2022,16-09-2024,31-01-2025,1616900.0,56.37,137,48.59,0.28,0,0,73.48,64.5,54.54
P00106,D-088,I03,CivicWorks Alliance,17-12-2022,05-08-2024,05-10-2024,333200.0,45.09,61,56.07,0.254,0,1,43.56,75.79,72.03
P00107,D-003,I01,GreenPath Solutions,20-12-2022,30-05-2023,10-07-2023,1341700.0,60.46,41,61.03,0.42,0,0,47.31,76.24,78.67
P00108,D-107,I04,TerraBuild Collective,10-12-2021,22-07-2023,29-09-2023,1404900.0,55.51,69,88.5,0.332,0,1,55.65,38.05,77.97
P00109,D-010,I12,GreenPath Solutions,19-09-2021,01-06-2022,25-10-2022,1750500.0,46.8,146,74.45,0.051,0,1,25.74,37.53,53.2
P00110,D-018,I05,GreenPath Solutions,12-08-2023,14-02-2024,04-07-2024,2047200.0,82.13,141,69.34,0.151,0,0,79.95,52.6,76.3
P00111,D-045,I12,AquaShield Foundation,30-05-2022,19-12-2022,02-02-2023,713300.0,70.43,45,32.76,0.23,0,1,76.96,77.54,50.53
P00112,D-120,I18,WaterFront Implementers,09-01-2021,20-06-2022,10-08-2022,870700.0,86.29,51,74.37,0.159,0,1,83.31,89.88,73.79
P00113,D-107,I18,Horizon Resilience Group,04-06-2021,07-11-2021,19-02-2022,255000.0,71.95,104,68.16,0.362,0,0,45.1,76.74,53.81
P00114,D-108,I10,AquaShield Foundation,30-07-2021,22-06-2023,21-08-2023,1165600.0,96.71,60,88.35,0.114,0,0,27.63,47.73,77.28
P00115,D-049,I12,WaterFront Implementers,25-09-2023,18-05-2024,13-10-2024,419800.0,47.88,148,79.2,0.084,0,1,51.1,88.03,46.84
P00116,D-110,I11,SolarRise Initiative,19-12-2022,16-04-2024,06-07-2024,1241300.0,53.78,81,86.61,0.111,0,1,31.54,40.81,57.48
P00117,D-002,I14,AquaShield Foundation,03-07-2022,01-12-2023,23-01-2024,1239400.0,67.34,53,81.15,0.091,0,1,43.25,73.76,65.17
P00118,D-066,I11,GreenPath Solutions,04-04-2021,13-05-2022,12-08-2022,1111400.0,42.89,91,47.93,0.419,0,0,82.13,82.0,62.8
P00119,D-075,I08,AquaShield Foundation,19-04-2022,29-12-2022,02-02-2023,479300.0,43.64,35,76.86,0.15,0,0,49.03,72.75,81.88
P00120,D-083,I09,AquaShield Foundation,23-01-2021,27-08-2021,16-10-2021,2275700.0,66.16,50,37.73,0.457,0,1,44.89,37.35,58.05
P00121,D-010,I14,SolarRise Initiative,24-05-2022,20-11-2022,25-02-2023,1771400.0,50.2,97,42.88,0.134,0,0,78.01,36.91,65.96
P00122,D-007,I10,WaterFront Implementers,26-02-2022,28-11-2023,13-12-2023,401800.0,62.6,15,55.15,0.339,1,1,39.95,89.67,62.18
P00123,D-053,I13,NovaBridge Partners,07-05-2022,12-02-2024,10-05-2024,2299200.0,69.64,88,53.3,0.131,0,1,38.14,84.27,73.93
P00124,D-056,I16,EcoTrust Consortium,02-01-2022,25-01-2023,06-03-2023,430300.0,78.76,40,45.99,0.417,0,1,28.35,89.8,45.97
P00125,D-118,I13,NovaBridge Partners,16-08-2023,08-07-2024,22-08-2024,744100.0,58.76,45,74.29,0.211,0,1,67.21,54.34,63.38
P00126,D-054,I07,WaterFront Implementers,10-07-2022,19-10-2023,02-12-2023,1328000.0,45.33,44,43.96,0.148,0,1,25.04,85.48,45.07
P00127,D-042,I11,GreenPath Solutions,30-07-2023,22-11-2024,07-12-2024,250400.0,74.61,15,85.03,0.398,1,1,76.64,87.83,53.68
P00128,D-116,I13,SafeGround Co-op,14-04-2021,21-08-2022,06-11-2022,942000.0,97.58,77,73.94,0.247,0,1,54.23,52.45,70.36
P00129,D-089,I12,Horizon Resilience Group,13-11-2022,08-10-2023,12-01-2024,905700.0,80.62,96,37.64,0.378,0,1,81.92,56.54,84.71
P00130,D-119,I02,GreenPath Solutions,09-09-2022,28-12-2023,01-06-2024,708100.0,73.37,156,86.2,0.113,0,1,39.28,89.03,43.39
P00131,D-095,I03,NovaBridge Partners,03-04-2022,11-09-2022,17-11-2022,682300.0,80.9,67,51.03,0.404,0,1,27.89,59.1,55.98
P00132,D-010,I14,WaterFront Implementers,22-06-2023,10-12-2024,09-03-2025,1455900.0,45.98,89,58.77,0.439,0,1,66.23,43.95,38.69
P00133,D-118,I02,CivicWorks Alliance,21-01-2021,12-05-2022,17-07-2022,2388800.0,44.38,66,40.21,0.219,0,1,57.82,84.4,39.66
P00134,D-022,I16,TerraBuild Collective,18-03-2022,30-01-2023,04-07-2023,2246400.0,49.27,155,36.08,0.142,0,0,66.83,74.71,71.5
P00135,D-110,I10,CivicWorks Alliance,01-09-2021,07-05-2022,19-05-2022,1103700.0,72.43,12,59.46,0.075,1,0,30.26,80.31,66.25
P00136,D-073,I07,AquaShield Foundation,27-01-2021,23-01-2022,07-03-2022,1667800.0,97.65,43,58.41,0.102,0,1,53.26,84.22,48.25
P00137,D-009,I18,SolarRise Initiative,09-07-2021,20-12-2022,27-03-2023,1049600.0,66.3,97,45.8,0.259,0,0,41.11,38.39,72.61
P00138,D-081,I04,AquaShield Foundation,16-11-2022,01-04-2024,17-08-2024,1152200.0,84.63,138,43.65,0.077,0,1,56.35,88.11,69.35
P00139,D-005,I16,SafeGround Co-op,22-06-2023,17-07-2024,15-11-2024,887400.0,63.29,121,81.24,0.066,0,1,56.01,66.43,84.14
P00140,D-054,I04,WaterFront Implementers,27-06-2021,14-05-2022,07-07-2022,2059500.0,47.44,54,55.4,0.495,0,1,84.84,69.5,76.71
P00141,D-110,I11,AquaShield Foundation,31-03-2021,29-09-2022,18-02-2023,1113900.0,59.24,142,46.57,0.256,0,1,72.19,69.27,61.13
P00142,D-093,I04,SolarRise Initiative,03-06-2021,31-03-2022,23-08-2022,1552200.0,84.74,145,86.38,0.466,0,1,31.06,50.74,61.78
P00143,D-106,I14,CivicWorks Alliance,28-01-2022,06-11-2023,31-03-2024,1600600.0,42.21,146,46.52,0.115,0,1,66.62,37.13,79.48
P00144,D-101,I08,TerraBuild Collective,03-02-2023,31-10-2024,07-01-2025,2263200.0,41.19,68,79.04,0.186,0,0,54.5,73.29,39.91
P00145,D-004,I08,GreenPath Solutions,04-11-2021,30-06-2023,20-09-2023,819700.0,64.59,82,68.73,0.135,0,0,74.44,75.75,72.97
P00146,D-004,I12,TerraBuild Collective,12-06-2022,20-04-2023,06-05-2023,915600.0,69.9,16,38.14,0.433,1,1,26.74,45.6,76.65
P00147,D-014,I02,Horizon Resilience Group,03-02-2021,13-10-2022,25-10-2022,2311500.0,81.57,12,46.44,0.421,1,1,63.12,41.81,36.53
P00148,D-016,I16,SafeGround Co-op,02-04-2022,27-02-2023,28-06-2023,1549800.0,60.64,121,39.81,0.453,0,1,66.33,50.68,54.33
P00149,D-013,I07,Horizon Resilience Group,25-10-2022,09-11-2023,30-04-2024,675500.0,78.44,173,60.8,0.439,0,1,65.93,61.08,41.62
P00150,D-040,I01,Horizon Resilience Group,16-09-2021,22-12-2022,04-06-2023,833400.0,92.83,164,81.1,0.257,0,0,43.13,63.64,66.18
P00151,D-091,I04,TerraBuild Collective,08-06-2022,23-11-2023,14-04-2024,1688900.0,75.93,143,47.91,0.099,0,0,84.3,70.23,78.07
P00152,D-110,I10,Horizon Resilience Group,03-06-2021,13-04-2023,13-06-2023,2269300.0,87.52,61,78.14,0.32,0,1,65.85,74.67,67.77
P00153,D-085,I09,SolarRise Initiative,19-02-2022,20-08-2023,29-08-2023,1541000.0,98.69,9,78.96,0.204,1,1,66.18,70.11,58.79
P00154,D-081,I12,EcoTrust Consortium,04-11-2021,24-09-2022,11-03-2023,2215900.0,50.69,168,35.86,0.108,0,0,73.5,76.96,44.15
P00155,D-063,I11,AquaShield Foundation,16-08-2021,11-01-2023,09-03-2023,1911700.0,58.12,57,77.29,0.199,0,0,42.64,81.82,58.53
P00156,D-015,I03,WaterFront Implementers,30-06-2023,13-06-2024,19-10-2024,475600.0,80.16,128,61.79,0.236,0,1,34.05,89.58,52.13
P00157,D-119,I15,GreenPath Solutions,20-11-2021,20-10-2022,09-11-2022,1321400.0,77.23,20,40.61,0.336,1,0,41.41,76.87,43.43
P00158,D-036,I06,WaterFront Implementers,16-03-2023,11-11-2023,14-12-2023,1613300.0,77.38,33,54.2,0.484,0,1,27.26,45.97,53.66
P00159,D-044,I11,EcoTrust Consortium,15-07-2021,30-12-2021,21-06-2022,209500.0,83.28,173,43.58,0.445,0,1,31.16,62.68,50.31
P00160,D-077,I02,CivicWorks Alliance,30-08-2023,19-11-2024,15-03-2025,1874000.0,75.19,116,50.27,0.45,0,1,45.56,84.58,52.96
P00161,D-111,I06,SolarRise Initiative,20-01-2021,07-02-2022,05-04-2022,1872500.0,47.74,57,74.04,0.315,0,0,47.0,70.78,36.87
P00162,D-117,I09,EcoTrust Consortium,01-10-2022,18-04-2023,17-09-2023,2487800.0,79.06,152,69.21,0.059,0,1,50.01,55.91,62.36
P00163,D-025,I05,Horizon Resilience Group,13-12-2022,21-05-2023,06-08-2023,1168000.0,45.96,77,61.22,0.33,0,1,50.13,84.42,60.58
P00164,D-041,I04,CivicWorks Alliance,27-04-2021,10-01-2022,17-05-2022,656900.0,51.79,127,45.78,0.285,0,0,67.21,51.24,36.97
P00165,D-105,I07,WaterFront Implementers,05-12-2021,30-12-2022,30-12-2022,229300.0,45.25,0,36.63,0.308,1,1,81.97,77.87,38.75
P00166,D-030,I04,CivicWorks Alliance,22-10-2022,12-11-2023,07-03-2024,2473900.0,57.47,116,57.86,0.095,0,0,27.37,50.98,75.08
P00167,D-002,I14,AquaShield Foundation,08-04-2021,21-10-2021,23-10-2021,2159600.0,79.14,2,40.23,0.211,1,1,62.31,83.32,39.65
P00168,D-065,I11,GreenPath Solutions,27-04-2021,08-11-2022,18-02-2023,2413300.0,56.04,102,53.14,0.433,0,1,63.93,78.83,40.65
P00169,D-074,I02,GreenPath Solutions,17-04-2021,14-11-2022,14-04-2023,1310200.0,73.57,151,56.29,0.325,0,1,61.68,82.44,79.0
P00170,D-107,I05,WaterFront Implementers,01-08-2023,11-05-2025,08-06-2025,2241500.0,66.0,28,33.8,0.345,1,0,77.1,63.86,72.18
P00171,D-030,I08,NovaBridge Partners,16-06-2022,01-05-2024,24-10-2024,1811300.0,45.62,176,69.7,0.162,0,1,65.58,56.17,76.95
P00172,D-089,I02,TerraBuild Collective,21-10-2022,27-08-2023,03-01-2024,2152300.0,90.26,129,82.16,0.084,0,1,39.45,88.36,37.52
P00173,D-079,I18,SolarRise Initiative,17-02-2022,14-03-2023,03-04-2023,1255900.0,87.27,20,56.89,0.435,1,1,32.12,62.36,67.67
P00174,D-035,I13,SolarRise Initiative,06-02-2021,06-07-2021,29-07-2021,2021100.0,96.83,23,68.25,0.451,1,1,64.28,60.09,52.04
P00175,D-012,I02,Horizon Resilience Group,15-05-2023,19-01-2025,13-04-2025,1488300.0,76.57,84,58.39,0.346,0,1,31.84,76.76,46.09
P00176,D-058,I12,CivicWorks Alliance,15-07-2022,29-05-2024,01-09-2024,1814800.0,42.7,95,39.85,0.113,0,1,68.29,40.88,65.54
P00177,D-111,I04,SolarRise Initiative,09-08-2021,19-04-2023,06-06-2023,1848600.0,46.36,48,54.87,0.467,0,1,60.33,77.47,57.53
P00178,D-116,I17,GreenPath Solutions,14-09-2023,05-07-2025,06-07-2025,1419800.0,42.87,1,86.12,0.427,1,1,55.5,85.66,43.86
P00179,D-091,I06,GreenPath Solutions,17-04-2021,15-10-2022,01-04-2023,1581300.0,92.08,168,60.25,0.223,0,1,79.95,76.93,48.68
P00180,D-058,I10,WaterFront Implementers,05-04-2023,16-01-2024,20-02-2024,1149300.0,81.3,35,74.91,0.185,0,1,76.64,74.15,81.78
P00181,D-011,I07,Horizon Resilience Group,03-08-2021,24-10-2022,17-04-2023,994200.0,79.67,175,88.88,0.343,0,1,55.23,73.19,51.12
P00182,D-100,I12,EcoTrust Consortium,07-05-2022,05-12-2023,25-05-2024,1920100.0,89.64,172,47.16,0.431,0,1,56.36,36.39,42.27
P00183,D-081,I02,Horizon Resilience Group,01-10-2021,11-08-2022,23-10-2022,1771800.0,48.64,73,33.72,0.403,0,0,57.47,54.73,57.63
P00184,D-109,I18,Horizon Resilience Group,31-01-2023,01-08-2024,30-09-2024,1375100.0,87.01,60,71.77,0.362,0,0,47.89,57.91,74.41
P00185,D-063,I11,EcoTrust Consortium,25-02-2021,07-08-2021,10-10-2021,667100.0,91.26,64,81.63,0.249,0,0,63.03,74.02,53.39
P00186,D-094,I18,SafeGround Co-op,21-07-2021,04-07-2022,17-09-2022,1232300.0,98.02,75,34.47,0.483,0,1,32.16,37.23,48.96
P00187,D-110,I05,GreenPath Solutions,22-08-2022,07-10-2023,08-10-2023,960300.0,81.87,1,39.29,0.119,1,1,28.05,86.28,65.78
P00188,D-116,I10,WaterFront Implementers,20-03-2023,17-08-2024,04-09-2024,2003300.0,58.75,18,43.2,0.133,1,0,55.31,57.88,61.85
P00189,D-120,I12,Horizon Resilience Group,24-06-2023,26-06-2024,12-12-2024,963300.0,61.29,169,43.11,0.389,0,1,84.8,80.3,84.06
P00190,D-044,I04,NovaBridge Partners,02-04-2022,03-05-2023,14-10-2023,1611500.0,76.65,164,87.53,0.357,0,1,79.96,86.97,54.29
P00191,D-113,I10,TerraBuild Collective,23-07-2023,01-06-2025,04-09-2025,1382900.0,70.02,95,59.21,0.183,0,1,44.22,39.53,39.8
P00192,D-090,I18,EcoTrust Consortium,08-01-2021,13-08-2021,05-10-2021,1741800.0,85.64,53,81.9,0.241,0,0,57.27,73.65,83.81
P00193,D-082,I14,AquaShield Foundation,04-02-2023,08-12-2023,14-12-2023,1256200.0,59.57,6,35.25,0.074,1,1,58.49,66.62,46.38
P00194,D-110,I14,SolarRise Initiative,07-04-2022,23-10-2023,10-02-2024,927700.0,62.98,110,37.1,0.053,0,1,28.79,76.03,37.28
P00195,D-118,I03,NovaBridge Partners,09-08-2023,03-06-2025,30-06-2025,866600.0,80.47,27,66.39,0.177,1,1,47.88,80.22,36.54
P00196,D-013,I18,Horizon Resilience Group,20-05-2021,21-11-2022,09-04-2023,878500.0,77.41,139,47.88,0.449,0,1,77.03,70.64,82.87
P00197,D-044,I18,EcoTrust Consortium,25-05-2021,25-02-2022,07-03-2022,211600.0,75.2,10,62.23,0.476,1,1,69.9,84.7,52.19
P00198,D-049,I17,GreenPath Solutions,14-06-2021,18-05-2022,13-07-2022,1618800.0,54.91,56,36.88,0.352,0,1,28.26,76.31,84.5
P00199,D-075,I15,EcoTrust Consortium,16-03-2021,06-06-2022,24-11-2022,354900.0,45.79,171,73.54,0.269,0,1,32.69,71.05,40.0
P00200,D-041,I03,Horizon Resilience Group,22-11-2021,31-08-2023,24-12-2023,955200.0,78.91,115,71.61,0.119,0,1,73.46,87.73,43.43
